{
   "attributes":{
      "title":"awswaf-*",
      "timeFieldName":"timestamp",
      "fields":"[{\"count\":0,\"name\":\"_id\",\"type\":\"string\",\"esTypes\":[\"_id\"],\"scripted\":false,\"searchable\":true,\"aggregatable\":true,\"readFromDocValues\":false},{\"count\":0,\"name\":\"_index\",\"type\":\"string\",\"esTypes\":[\"_index\"],\"scripted\":false,\"searchable\":true,\"aggregatable\":true,\"readFromDocValues\":false},{\"count\":0,\"name\":\"_score\",\"type\":\"number\",\"scripted\":false,\"searchable\":false,\"aggregatable\":false,\"readFromDocValues\":false},{\"count\":0,\"name\":\"_source\",\"type\":\"_source\",\"esTypes\":[\"_source\"],\"scripted\":false,\"searchable\":false,\"aggregatable\":false,\"readFromDocValues\":false},{\"count\":0,\"name\":\"_type\",\"type\":\"string\",\"esTypes\":[\"_type\"],\"scripted\":false,\"searchable\":true,\"aggregatable\":true,\"readFromDocValues\":false},{\"count\":0,\"name\":\"action\",\"type\":\"string\",\"esTypes\":[\"text\"],\"scripted\":false,\"searchable\":true,\"aggregatable\":false,\"readFromDocValues\":false},{\"count\":0,\"name\":\"action.keyword\",\"type\":\"string\",\"esTypes\":[\"keyword\"],\"scripted\":false,\"searchable\":true,\"aggregatable\":true,\"readFromDocValues\":true,\"subType\":{\"multi\":{\"parent\":\"action\"}}},{\"count\":0,\"name\":\"formatVersion\",\"type\":\"number\",\"esTypes\":[\"long\"],\"scripted\":false,\"searchable\":true,\"aggregatable\":true,\"readFromDocValues\":true},{\"count\":0,\"name\":\"httpRequest.args\",\"type\":\"string\",\"esTypes\":[\"text\"],\"scripted\":false,\"searchable\":true,\"aggregatable\":false,\"readFromDocValues\":false},{\"count\":0,\"name\":\"httpRequest.args.keyword\",\"type\":\"string\",\"esTypes\":[\"keyword\"],\"scripted\":false,\"searchable\":true,\"aggregatable\":true,\"readFromDocValues\":true,\"subType\":{\"multi\":{\"parent\":\"httpRequest.args\"}}},{\"count\":0,\"name\":\"httpRequest.clientIp\",\"type\":\"string\",\"esTypes\":[\"text\"],\"scripted\":false,\"searchable\":true,\"aggregatable\":false,\"readFromDocValues\":false},{\"count\":0,\"name\":\"httpRequest.clientIp.keyword\",\"type\":\"string\",\"esTypes\":[\"keyword\"],\"scripted\":false,\"searchable\":true,\"aggregatable\":true,\"readFromDocValues\":true,\"subType\":{\"multi\":{\"parent\":\"httpRequest.clientIp\"}}},{\"count\":0,\"name\":\"httpRequest.country\",\"type\":\"string\",\"esTypes\":[\"text\"],\"scripted\":false,\"searchable\":true,\"aggregatable\":false,\"readFromDocValues\":false},{\"count\":0,\"name\":\"httpRequest.country.keyword\",\"type\":\"string\",\"esTypes\":[\"keyword\"],\"scripted\":false,\"searchable\":true,\"aggregatable\":true,\"readFromDocValues\":true,\"subType\":{\"multi\":{\"parent\":\"httpRequest.country\"}}},{\"count\":0,\"name\":\"httpRequest.headers.name\",\"type\":\"string\",\"esTypes\":[\"text\"],\"scripted\":false,\"searchable\":true,\"aggregatable\":false,\"readFromDocValues\":false},{\"count\":0,\"name\":\"httpRequest.headers.name.keyword\",\"type\":\"string\",\"esTypes\":[\"keyword\"],\"scripted\":false,\"searchable\":true,\"aggregatable\":true,\"readFromDocValues\":true,\"subType\":{\"multi\":{\"parent\":\"httpRequest.headers.name\"}}},{\"count\":0,\"name\":\"httpRequest.headers.value\",\"type\":\"string\",\"esTypes\":[\"text\"],\"scripted\":false,\"searchable\":true,\"aggregatable\":false,\"readFromDocValues\":false},{\"count\":0,\"name\":\"httpRequest.headers.value.keyword\",\"type\":\"string\",\"esTypes\":[\"keyword\"],\"scripted\":false,\"searchable\":true,\"aggregatable\":true,\"readFromDocValues\":true,\"subType\":{\"multi\":{\"parent\":\"httpRequest.headers.value\"}}},{\"count\":0,\"name\":\"httpRequest.httpMethod\",\"type\":\"string\",\"esTypes\":[\"text\"],\"scripted\":false,\"searchable\":true,\"aggregatable\":false,\"readFromDocValues\":false},{\"count\":0,\"name\":\"httpRequest.httpMethod.keyword\",\"type\":\"string\",\"esTypes\":[\"keyword\"],\"scripted\":false,\"searchable\":true,\"aggregatable\":true,\"readFromDocValues\":true,\"subType\":{\"multi\":{\"parent\":\"httpRequest.httpMethod\"}}},{\"count\":0,\"name\":\"httpRequest.httpVersion\",\"type\":\"string\",\"esTypes\":[\"text\"],\"scripted\":false,\"searchable\":true,\"aggregatable\":false,\"readFromDocValues\":false},{\"count\":0,\"name\":\"httpRequest.httpVersion.keyword\",\"type\":\"string\",\"esTypes\":[\"keyword\"],\"scripted\":false,\"searchable\":true,\"aggregatable\":true,\"readFromDocValues\":true,\"subType\":{\"multi\":{\"parent\":\"httpRequest.httpVersion\"}}},{\"count\":0,\"name\":\"httpRequest.requestId\",\"type\":\"string\",\"esTypes\":[\"text\"],\"scripted\":false,\"searchable\":true,\"aggregatable\":false,\"readFromDocValues\":false},{\"count\":0,\"name\":\"httpRequest.requestId.keyword\",\"type\":\"string\",\"esTypes\":[\"keyword\"],\"scripted\":false,\"searchable\":true,\"aggregatable\":true,\"readFromDocValues\":true,\"subType\":{\"multi\":{\"parent\":\"httpRequest.requestId\"}}},{\"count\":0,\"name\":\"httpRequest.uri\",\"type\":\"string\",\"esTypes\":[\"text\"],\"scripted\":false,\"searchable\":true,\"aggregatable\":false,\"readFromDocValues\":false},{\"count\":0,\"name\":\"httpRequest.uri.keyword\",\"type\":\"string\",\"esTypes\":[\"keyword\"],\"scripted\":false,\"searchable\":true,\"aggregatable\":true,\"readFromDocValues\":true,\"subType\":{\"multi\":{\"parent\":\"httpRequest.uri\"}}},{\"count\":0,\"name\":\"httpSourceId\",\"type\":\"string\",\"esTypes\":[\"text\"],\"scripted\":false,\"searchable\":true,\"aggregatable\":false,\"readFromDocValues\":false},{\"count\":0,\"name\":\"httpSourceId.keyword\",\"type\":\"string\",\"esTypes\":[\"keyword\"],\"scripted\":false,\"searchable\":true,\"aggregatable\":true,\"readFromDocValues\":true,\"subType\":{\"multi\":{\"parent\":\"httpSourceId\"}}},{\"count\":0,\"name\":\"httpSourceName\",\"type\":\"string\",\"esTypes\":[\"text\"],\"scripted\":false,\"searchable\":true,\"aggregatable\":false,\"readFromDocValues\":false},{\"count\":0,\"name\":\"httpSourceName.keyword\",\"type\":\"string\",\"esTypes\":[\"keyword\"],\"scripted\":false,\"searchable\":true,\"aggregatable\":true,\"readFromDocValues\":true,\"subType\":{\"multi\":{\"parent\":\"httpSourceName\"}}},{\"count\":0,\"name\":\"labels.name\",\"type\":\"string\",\"esTypes\":[\"text\"],\"scripted\":false,\"searchable\":true,\"aggregatable\":false,\"readFromDocValues\":false},{\"count\":0,\"name\":\"labels.name.keyword\",\"type\":\"string\",\"esTypes\":[\"keyword\"],\"scripted\":false,\"searchable\":true,\"aggregatable\":true,\"readFromDocValues\":true,\"subType\":{\"multi\":{\"parent\":\"labels.name\"}}},{\"count\":0,\"name\":\"rateBasedRuleList.limitKey\",\"type\":\"string\",\"esTypes\":[\"text\"],\"scripted\":false,\"searchable\":true,\"aggregatable\":false,\"readFromDocValues\":false},{\"count\":0,\"name\":\"rateBasedRuleList.limitKey.keyword\",\"type\":\"string\",\"esTypes\":[\"keyword\"],\"scripted\":false,\"searchable\":true,\"aggregatable\":true,\"readFromDocValues\":true,\"subType\":{\"multi\":{\"parent\":\"rateBasedRuleList.limitKey\"}}},{\"count\":0,\"name\":\"rateBasedRuleList.limitValue\",\"type\":\"string\",\"esTypes\":[\"text\"],\"scripted\":false,\"searchable\":true,\"aggregatable\":false,\"readFromDocValues\":false},{\"count\":0,\"name\":\"rateBasedRuleList.limitValue.keyword\",\"type\":\"string\",\"esTypes\":[\"keyword\"],\"scripted\":false,\"searchable\":true,\"aggregatable\":true,\"readFromDocValues\":true,\"subType\":{\"multi\":{\"parent\":\"rateBasedRuleList.limitValue\"}}},{\"count\":0,\"name\":\"rateBasedRuleList.maxRateAllowed\",\"type\":\"number\",\"esTypes\":[\"long\"],\"scripted\":false,\"searchable\":true,\"aggregatable\":true,\"readFromDocValues\":true},{\"count\":0,\"name\":\"rateBasedRuleList.rateBasedRuleId\",\"type\":\"string\",\"esTypes\":[\"text\"],\"scripted\":false,\"searchable\":true,\"aggregatable\":false,\"readFromDocValues\":false},{\"count\":0,\"name\":\"rateBasedRuleList.rateBasedRuleId.keyword\",\"type\":\"string\",\"esTypes\":[\"keyword\"],\"scripted\":false,\"searchable\":true,\"aggregatable\":true,\"readFromDocValues\":true,\"subType\":{\"multi\":{\"parent\":\"rateBasedRuleList.rateBasedRuleId\"}}},{\"count\":0,\"name\":\"rateBasedRuleList.rateBasedRuleName\",\"type\":\"string\",\"esTypes\":[\"text\"],\"scripted\":false,\"searchable\":true,\"aggregatable\":false,\"readFromDocValues\":false},{\"count\":0,\"name\":\"rateBasedRuleList.rateBasedRuleName.keyword\",\"type\":\"string\",\"esTypes\":[\"keyword\"],\"scripted\":false,\"searchable\":true,\"aggregatable\":true,\"readFromDocValues\":true,\"subType\":{\"multi\":{\"parent\":\"rateBasedRuleList.rateBasedRuleName\"}}},{\"count\":0,\"name\":\"ruleGroupList.excludedRules.exclusionType\",\"type\":\"string\",\"esTypes\":[\"text\"],\"scripted\":false,\"searchable\":true,\"aggregatable\":false,\"readFromDocValues\":false},{\"count\":0,\"name\":\"ruleGroupList.excludedRules.exclusionType.keyword\",\"type\":\"string\",\"esTypes\":[\"keyword\"],\"scripted\":false,\"searchable\":true,\"aggregatable\":true,\"readFromDocValues\":true,\"subType\":{\"multi\":{\"parent\":\"ruleGroupList.excludedRules.exclusionType\"}}},{\"count\":0,\"name\":\"ruleGroupList.excludedRules.ruleId\",\"type\":\"string\",\"esTypes\":[\"text\"],\"scripted\":false,\"searchable\":true,\"aggregatable\":false,\"readFromDocValues\":false},{\"count\":0,\"name\":\"ruleGroupList.excludedRules.ruleId.keyword\",\"type\":\"string\",\"esTypes\":[\"keyword\"],\"scripted\":false,\"searchable\":true,\"aggregatable\":true,\"readFromDocValues\":true,\"subType\":{\"multi\":{\"parent\":\"ruleGroupList.excludedRules.ruleId\"}}},{\"count\":0,\"name\":\"ruleGroupList.ruleGroupId\",\"type\":\"string\",\"esTypes\":[\"text\"],\"scripted\":false,\"searchable\":true,\"aggregatable\":false,\"readFromDocValues\":false},{\"count\":0,\"name\":\"ruleGroupList.ruleGroupId.keyword\",\"type\":\"string\",\"esTypes\":[\"keyword\"],\"scripted\":false,\"searchable\":true,\"aggregatable\":true,\"readFromDocValues\":true,\"subType\":{\"multi\":{\"parent\":\"ruleGroupList.ruleGroupId\"}}},{\"count\":0,\"name\":\"ruleGroupList.terminatingRule.action\",\"type\":\"string\",\"esTypes\":[\"text\"],\"scripted\":false,\"searchable\":true,\"aggregatable\":false,\"readFromDocValues\":false},{\"count\":0,\"name\":\"ruleGroupList.terminatingRule.action.keyword\",\"type\":\"string\",\"esTypes\":[\"keyword\"],\"scripted\":false,\"searchable\":true,\"aggregatable\":true,\"readFromDocValues\":true,\"subType\":{\"multi\":{\"parent\":\"ruleGroupList.terminatingRule.action\"}}},{\"count\":0,\"name\":\"ruleGroupList.terminatingRule.ruleId\",\"type\":\"string\",\"esTypes\":[\"text\"],\"scripted\":false,\"searchable\":true,\"aggregatable\":false,\"readFromDocValues\":false},{\"count\":0,\"name\":\"ruleGroupList.terminatingRule.ruleId.keyword\",\"type\":\"string\",\"esTypes\":[\"keyword\"],\"scripted\":false,\"searchable\":true,\"aggregatable\":true,\"readFromDocValues\":true,\"subType\":{\"multi\":{\"parent\":\"ruleGroupList.terminatingRule.ruleId\"}}},{\"count\":0,\"name\":\"terminatingRuleId\",\"type\":\"string\",\"esTypes\":[\"text\"],\"scripted\":false,\"searchable\":true,\"aggregatable\":false,\"readFromDocValues\":false},{\"count\":0,\"name\":\"terminatingRuleId.keyword\",\"type\":\"string\",\"esTypes\":[\"keyword\"],\"scripted\":false,\"searchable\":true,\"aggregatable\":true,\"readFromDocValues\":true,\"subType\":{\"multi\":{\"parent\":\"terminatingRuleId\"}}},{\"count\":0,\"name\":\"terminatingRuleType\",\"type\":\"string\",\"esTypes\":[\"text\"],\"scripted\":false,\"searchable\":true,\"aggregatable\":false,\"readFromDocValues\":false},{\"count\":0,\"name\":\"terminatingRuleType.keyword\",\"type\":\"string\",\"esTypes\":[\"keyword\"],\"scripted\":false,\"searchable\":true,\"aggregatable\":true,\"readFromDocValues\":true,\"subType\":{\"multi\":{\"parent\":\"terminatingRuleType\"}}},{\"count\":0,\"name\":\"timestamp\",\"type\":\"date\",\"esTypes\":[\"date\"],\"scripted\":false,\"searchable\":true,\"aggregatable\":true,\"readFromDocValues\":true},{\"count\":0,\"name\":\"webaclId\",\"type\":\"string\",\"esTypes\":[\"text\"],\"scripted\":false,\"searchable\":true,\"aggregatable\":false,\"readFromDocValues\":false},{\"count\":0,\"name\":\"webaclId.keyword\",\"type\":\"string\",\"esTypes\":[\"keyword\"],\"scripted\":false,\"searchable\":true,\"aggregatable\":true,\"readFromDocValues\":true,\"subType\":{\"multi\":{\"parent\":\"webaclId\"}}},{\"count\":0,\"script\":\"def webacl = doc['webaclId.keyword'].value;\\n\\n WEBACL_CUSTOM_MAPPINGS \\n\\n\\n return webacl;\\n\",\"lang\":\"painless\",\"name\":\"webaclname\",\"type\":\"string\",\"scripted\":true,\"searchable\":true,\"aggregatable\":true,\"readFromDocValues\":false},{\"count\":1,\"script\":\"def rule = doc['terminatingRuleId.keyword'].value;\\n\\n RULE_CUSTOM_MAPPINGS \\n\\n\\n return rule;\\n\",\"lang\":\"painless\",\"name\":\"rulename\",\"type\":\"string\",\"scripted\":true,\"searchable\":true,\"aggregatable\":true,\"readFromDocValues\":false},{\"count\":1,\"script\":\"def header_name;\\nfor(int i=0; i<params._source.httpRequest.headers.length; i++) { \\nheader_name = params._source.httpRequest.headers[i].name;\\n\\nif (header_name == \\\"Host\\\") {\\nreturn params._source.httpRequest.headers[i].value\\n}\\n}\\n\",\"lang\":\"painless\",\"name\":\"Host\",\"type\":\"string\",\"scripted\":true,\"searchable\":true,\"aggregatable\":true,\"readFromDocValues\":false},{\"count\":1,\"script\":\"def header_name;\\nfor(int i=0; i<params._source.httpRequest.headers.length; i++) { \\nheader_name = params._source.httpRequest.headers[i].name.toLowerCase();\\n\\nif (header_name == \\\"user-agent\\\") {\\nreturn params._source.httpRequest.headers[i].value\\n}\\n}\\n\",\"lang\":\"painless\",\"name\":\"UserAgent\",\"type\":\"string\",\"scripted\":true,\"searchable\":true,\"aggregatable\":true,\"readFromDocValues\":false}]",
      "fieldFormatMap": "{\"webaclname\":{\"id\":\"string\"},\"rulename\":{\"id\":\"string\"},\"Host\":{\"id\":\"string\"},\"UserAgent\":{\"id\":\"string\"}}"
   }
}
